run,best,epoch,train_loss,train_acc,test_loss,test_acc
1,0,1,1.3353435259598951,0.3689655065536499,1.1395825147628784,0.4333333373069763
1,0,2,1.095417504127209,0.5,1.0621464252471924,0.6333333253860474
1,0,3,1.2807528055631197,0.43103447556495667,1.0858992338180542,0.4166666567325592
1,0,4,0.8801142298258268,0.6310344934463501,1.521865725517273,0.6499999761581421
1,0,5,1.025789118730105,0.5965517163276672,0.8895078301429749,0.800000011920929
1,0,6,0.7745488859139956,0.6862068772315979,1.003043532371521,0.8500000238418579
1,0,7,0.7831828387883993,0.7241379022598267,0.8036448955535889,0.7833333611488342
1,0,8,0.7537382451387552,0.6793103218078613,0.6080640554428101,0.9166666865348816
1,0,9,0.7050572748367603,0.7275862097740173,0.6966908574104309,0.8500000238418579
1,0,10,0.7113934915799361,0.7310344576835632,0.8018450140953064,0.8500000238418579
1,0,11,0.6901200642952552,0.7448275685310364,0.9894029498100281,0.6666666865348816
1,0,12,0.6901601822330401,0.7827585935592651,0.5818846225738525,0.8333333134651184
1,0,13,0.5169037064680686,0.8137931227684021,0.8318342566490173,0.8666666746139526
1,0,14,0.6066364038449067,0.8137931227684021,0.8122037649154663,0.75
1,0,15,0.5839758194409884,0.7965517044067383,0.6165351867675781,0.9166666865348816
1,0,16,0.6313632932993082,0.800000011920929,0.6889449954032898,0.9333333373069763
1,0,17,0.5661757267438449,0.8206896781921387,1.0057486295700073,0.9166666865348816
1,0,18,0.49538371196159947,0.8689655065536499,1.1867525577545166,0.8833333253860474
1,0,19,0.4295341858210472,0.865517258644104,0.8331710696220398,0.9333333373069763
1,0,20,0.3600065421599608,0.8689655065536499,0.7241182327270508,0.9166666865348816
1,0,21,0.4194110826804088,0.8689655065536499,0.7072779536247253,0.9166666865348816
1,0,22,0.4297033210213368,0.8758620619773865,0.7012279629707336,0.9166666865348816
1,0,23,0.4584110505305804,0.8551723957061768,0.7652819156646729,0.8666666746139526
1,0,24,0.3584544560513817,0.9034482836723328,0.7546404004096985,0.9166666865348816
1,0,25,0.4571355523971411,0.8517241477966309,0.6300864815711975,0.9166666865348816
1,0,26,0.605936756500831,0.8517241477966309,0.7004686594009399,0.8999999761581421
1,0,27,0.5173154530616907,0.8758620619773865,0.7502990365028381,0.9333333373069763
1,0,28,0.4447091371537401,0.865517258644104,0.545965313911438,0.8833333253860474
1,0,29,0.4867848619245566,0.8448275923728943,0.5019081830978394,0.9166666865348816
1,0,30,0.3810866681429056,0.882758617401123,0.7665953040122986,0.8666666746139526
1,0,31,0.40637203485060197,0.8862069249153137,0.5251529812812805,0.8999999761581421
1,0,32,0.3871862754727212,0.8379310369491577,0.5280343294143677,0.9333333373069763
1,0,33,0.3000007111292619,0.882758617401123,0.9490670561790466,0.8833333253860474
1,0,34,0.3230132022156165,0.8931034207344055,0.8610031604766846,0.8666666746139526
1,0,35,0.35821725306316066,0.8793103694915771,0.8946254253387451,0.8999999761581421
1,0,36,0.34322807789207077,0.8931034207344055,1.0259521007537842,0.8833333253860474
1,0,37,0.263328350705426,0.9068965315818787,0.9204012155532837,0.9333333373069763
1,0,38,0.48624417873529285,0.8724138140678406,0.8345298767089844,0.9166666865348816
1,0,39,0.3998313964559482,0.8862069249153137,0.44449278712272644,0.8999999761581421
1,0,40,0.3881438626692845,0.8931034207344055,0.7552456259727478,0.8999999761581421
1,0,41,0.5552465623387923,0.9034482836723328,0.6768033504486084,0.8999999761581421
1,0,42,0.38343068613455844,0.8689655065536499,0.8368316292762756,0.8999999761581421
1,0,43,0.29392605597296584,0.9034482836723328,0.8065525889396667,0.8999999761581421
1,0,44,0.38902682352524537,0.8999999761581421,0.5234968066215515,0.9166666865348816
1,0,45,0.21798610171446434,0.9137930870056152,0.9211253523826599,0.8999999761581421
1,0,46,0.321562965042316,0.8999999761581421,0.5712372660636902,0.9166666865348816
1,0,47,0.4213109017851261,0.8862069249153137,0.6509628295898438,0.9166666865348816
1,0,48,0.34194734062139803,0.8965517282485962,0.6437356472015381,0.8999999761581421
1,0,49,0.4530048490716861,0.8965517282485962,0.5232858061790466,0.8999999761581421
1,0,50,0.25816752817606287,0.9206896424293518,0.8963184952735901,0.9166666865348816
1,0,51,0.4043133132822382,0.8793103694915771,0.7666522860527039,0.9333333373069763
1,0,52,0.3315310494687695,0.8862069249153137,0.6993935108184814,0.9166666865348816
1,0,53,0.40126072026256365,0.8931034207344055,0.5931772589683533,0.9166666865348816
1,0,54,0.2584402337670326,0.9068965315818787,0.7294873595237732,0.9166666865348816
1,0,55,0.35207121847913814,0.9241379499435425,0.7719804644584656,0.9166666865348816
1,0,56,0.4444854339727989,0.8793103694915771,0.5440312623977661,0.9333333373069763
1,0,57,0.4095532437070058,0.882758617401123,0.6171120405197144,0.9333333373069763
1,0,58,0.31300993779530895,0.9103448390960693,0.805167555809021,0.8833333253860474
1,0,59,0.4846900340456229,0.8793103694915771,0.9234828352928162,0.8166666626930237
1,0,60,0.4471221537544177,0.8793103694915771,0.5838163495063782,0.8999999761581421
1,0,61,0.3885614780279306,0.9068965315818787,0.6157516837120056,0.8999999761581421
1,0,62,0.3874378797526543,0.8999999761581421,0.5721843242645264,0.9166666865348816
1,0,63,0.3968672562892047,0.8896551728248596,0.7246235609054565,0.9333333373069763
1,0,64,0.28730379990660226,0.9172413945198059,0.5470542907714844,0.9333333373069763
1,0,65,0.33670507887235057,0.9103448390960693,0.7950993776321411,0.8999999761581421
1,0,66,0.30145740423064965,0.9172413945198059,0.5148767828941345,0.8666666746139526
1,0,67,0.29639420171196645,0.8931034207344055,0.6379324197769165,0.9166666865348816
1,0,68,0.33156932804446954,0.8793103694915771,0.5847388505935669,0.8833333253860474
1,0,69,0.38485130896935094,0.8758620619773865,0.4922240674495697,0.8999999761581421
1,0,70,0.29055734179340875,0.8931034207344055,1.2819287776947021,0.8333333134651184
1,0,71,0.3883678483275267,0.8724138140678406,0.769755482673645,0.8666666746139526
1,0,72,0.34188833402899593,0.8931034207344055,0.4766779839992523,0.8833333253860474
1,0,73,0.3284890210399261,0.9137930870056152,0.593610405921936,0.8833333253860474
1,0,74,0.37032658280804753,0.8999999761581421,0.7474218010902405,0.8833333253860474
1,0,75,0.33191928983880925,0.882758617401123,0.22821912169456482,0.9166666865348816
1,0,76,0.4305504738138272,0.9103448390960693,0.3585233688354492,0.8999999761581421
1,0,77,0.29716954136697143,0.9068965315818787,0.25329461693763733,0.8999999761581421
1,0,78,0.29467220833668234,0.9103448390960693,0.30189403891563416,0.8999999761581421
1,0,79,0.2935018069469012,0.8896551728248596,0.19191519916057587,0.9333333373069763
1,0,80,0.29874002908428127,0.8931034207344055,0.6849726438522339,0.8666666746139526
1,0,81,0.3280659378148042,0.9103448390960693,0.35373035073280334,0.9166666865348816
1,0,82,0.3303035182448534,0.9034482836723328,0.4672621786594391,0.9166666865348816
1,0,83,0.39884144698198026,0.8965517282485962,0.36448752880096436,0.8666666746139526
1,0,84,0.34825816865150744,0.9068965315818787,0.47429758310317993,0.949999988079071
1,0,85,0.2753614713079654,0.8896551728248596,0.552924394607544,0.9333333373069763
1,0,86,0.3254171804739879,0.8793103694915771,0.7334368228912354,0.8833333253860474
1,0,87,0.31787585810973096,0.8999999761581421,0.7509270310401917,0.8500000238418579
1,0,88,0.25963133214155765,0.9137930870056152,0.7425157427787781,0.9166666865348816
1,0,89,0.38334432459221435,0.8931034207344055,0.604207456111908,0.9333333373069763
1,0,90,0.22973555176017377,0.9275861978530884,0.8055968880653381,0.9166666865348816
1,0,91,0.3624009183393075,0.9241379499435425,0.8323933482170105,0.9166666865348816
1,0,92,0.6426258213244952,0.882758617401123,1.1432816982269287,0.8999999761581421
1,0,93,0.6003986929471676,0.8689655065536499,0.7949098348617554,0.8333333134651184
1,0,94,1.0490784858568356,0.8586207032203674,1.1825997829437256,0.8166666626930237
1,0,95,0.5170336758288053,0.8448275923728943,0.9461356401443481,0.8833333253860474
1,0,96,0.4340329175958267,0.8689655065536499,0.6010515093803406,0.8500000238418579
1,0,97,0.3998365536905252,0.8999999761581421,0.42291519045829773,0.8999999761581421
1,0,98,0.2661538215783926,0.9241379499435425,0.3608683943748474,0.9166666865348816
1,0,99,0.465726001904561,0.8965517282485962,0.4874741733074188,0.9166666865348816
1,0,100,0.22954663104162767,0.9103448390960693,0.5948429703712463,0.9166666865348816
1,0,101,0.2183409036638645,0.934482753276825,0.45708659291267395,0.9333333373069763
1,0,102,0.25447509667048085,0.9241379499435425,0.5038211345672607,0.9333333373069763
1,0,103,0.3189803215746696,0.8999999761581421,0.35386794805526733,0.9166666865348816
1,0,104,0.3188523048391709,0.9137930870056152,0.7649086117744446,0.8833333253860474
1,0,105,0.3000924684680425,0.9068965315818787,0.44382742047309875,0.9333333373069763
1,0,106,0.26660920966130036,0.9413793087005615,0.7380926012992859,0.9166666865348816
1,0,107,0.4812289946354352,0.9034482836723328,0.48761382699012756,0.9333333373069763
1,0,108,0.36861315083045226,0.9034482836723328,0.5907261967658997,0.9166666865348816
1,0,109,0.3419266457741077,0.8931034207344055,0.4841870367527008,0.9166666865348816
1,0,110,0.2779116269487601,0.9206896424293518,0.8326053619384766,0.8999999761581421
1,0,111,0.3406944267738324,0.8965517282485962,0.48136499524116516,0.8833333253860474
1,0,112,0.2891418208869604,0.9172413945198059,1.2450828552246094,0.8999999761581421
1,0,113,0.6366674076192654,0.8999999761581421,0.7534380555152893,0.8666666746139526
1,0,114,0.39537964671706927,0.8862069249153137,0.9236152172088623,0.7333333492279053
1,0,115,0.5459681657644418,0.8689655065536499,0.9562393426895142,0.8833333253860474
1,0,116,0.505666767175381,0.8137931227684021,0.36678779125213623,0.8999999761581421
1,0,117,0.5402814902795049,0.882758617401123,0.8625156283378601,0.8666666746139526
1,0,118,0.6422924846410751,0.8862069249153137,1.1206905841827393,0.8500000238418579
1,0,119,0.6629488707448428,0.8379310369491577,0.6913217306137085,0.9166666865348816
1,0,120,0.49912042113450855,0.8551723957061768,0.8822787404060364,0.8166666626930237
1,0,121,0.41098805230397445,0.8862069249153137,0.7172022461891174,0.9166666865348816
1,0,122,0.4394258830982905,0.8862069249153137,0.6239995956420898,0.8999999761581421
1,0,123,0.2564279309545572,0.9068965315818787,0.5860176682472229,0.9333333373069763
1,0,124,0.5754125714302063,0.8965517282485962,0.6046119928359985,0.9166666865348816
1,0,125,0.5773123873827549,0.8862069249153137,0.8889344334602356,0.7833333611488342
1,0,126,0.5444142216673264,0.8275862336158752,0.926062822341919,0.8166666626930237
1,0,127,0.42786113269483816,0.865517258644104,0.3501443564891815,0.9166666865348816
1,0,128,0.347988033898918,0.9034482836723328,0.7964208722114563,0.9333333373069763
1,0,129,0.34338147049913037,0.8931034207344055,0.6533847451210022,0.8999999761581421
1,0,130,0.452366910301722,0.9103448390960693,0.7813557386398315,0.8500000238418579
1,2,1,1.3390081295600305,0.3758620619773865,1.2410565614700317,0.5666666626930237
1,2,2,1.049578226529635,0.5275862216949463,0.9410732984542847,0.550000011920929
1,2,3,1.0159243712058434,0.5758620500564575,0.798961341381073,0.6666666865348816
1,2,4,0.9079107688023493,0.6379310488700867,0.9297468662261963,0.699999988079071
1,2,5,0.8145209275759183,0.7068965435028076,1.2774379253387451,0.5833333134651184
1,2,6,0.6974489975434083,0.7206896543502808,0.8295091390609741,0.8666666746139526
1,2,7,0.6269633002006091,0.7413793206214905,1.979244351387024,0.75
1,2,8,0.9196540484061608,0.6862068772315979,1.1130708456039429,0.699999988079071
1,2,9,0.6826021866156504,0.7586206793785095,0.8653466701507568,0.8333333134651184
1,2,10,0.6648205300936332,0.8275862336158752,0.988339364528656,0.7666666507720947
1,2,11,0.6262784141760606,0.817241370677948,1.1226662397384644,0.8333333134651184
1,2,12,0.5734222256220304,0.8448275923728943,0.8774215579032898,0.8666666746139526
1,2,13,0.6196846870275644,0.8068965673446655,1.3315855264663696,0.6666666865348816
1,2,14,0.5409602924035146,0.800000011920929,0.8225001692771912,0.8999999761581421
1,2,15,0.5886499686883047,0.8103448152542114,1.1523497104644775,0.7833333611488342
1,2,16,0.5916059974294442,0.8275862336158752,0.7170314788818359,0.8833333253860474
1,2,17,0.5138966563301017,0.8034482598304749,0.9669725298881531,0.8833333253860474
1,2,18,0.5395209754888828,0.8310344815254211,0.6599605083465576,0.8333333134651184
1,2,19,0.4161508218027078,0.8896551728248596,0.6724015474319458,0.8999999761581421
1,2,20,0.49460696429014206,0.865517258644104,0.5731691718101501,0.9166666865348816
1,2,21,0.41822851506563335,0.8862069249153137,0.8276528716087341,0.8500000238418579
1,2,22,0.39188928075040724,0.8965517282485962,0.7142959237098694,0.8333333134651184
1,2,23,0.3165642126964835,0.8758620619773865,0.704490065574646,0.8999999761581421
1,2,24,0.4101034835884303,0.8758620619773865,0.6099857091903687,0.9166666865348816
1,2,25,0.3079618993573464,0.9034482836723328,0.6937147974967957,0.9333333373069763
1,2,26,0.3858416579807034,0.8793103694915771,0.6914670467376709,0.8833333253860474
1,2,27,0.5109031876692405,0.9068965315818787,0.7527092695236206,0.8999999761581421
1,2,28,0.6249681677526007,0.8448275923728943,0.6293681263923645,0.800000011920929
1,2,29,0.4827539255985847,0.8275862336158752,0.5436985492706299,0.8999999761581421
1,2,30,0.3200729661262952,0.8896551728248596,0.617063581943512,0.9166666865348816
1,2,31,0.30076666749440706,0.9068965315818787,0.5805993676185608,0.8999999761581421
1,2,32,0.44927444137059724,0.8586207032203674,0.4701038599014282,0.9166666865348816
1,2,33,0.37543277327830976,0.8724138140678406,0.3929840624332428,0.8999999761581421
1,2,34,0.3118690045045626,0.8896551728248596,0.6659688949584961,0.8999999761581421
1,2,35,0.3429021021494499,0.9068965315818787,0.5435124039649963,0.8833333253860474
1,2,36,0.5898796563538221,0.8931034207344055,0.8654324412345886,0.8999999761581421
1,2,37,0.5265670334920287,0.8482758402824402,0.5194382667541504,0.8666666746139526
1,2,38,0.7103695726165404,0.8379310369491577,1.521084189414978,0.7333333492279053
1,2,39,0.4968523406065427,0.8103448152542114,0.55776047706604,0.949999988079071
1,2,40,0.3122056325597581,0.8620689511299133,0.5796421766281128,0.9166666865348816
1,2,41,0.44566515947763735,0.8896551728248596,0.7378237247467041,0.8666666746139526
1,2,42,0.3868551059411122,0.9068965315818787,0.8500449657440186,0.8999999761581421
1,2,43,0.38254535771333253,0.8793103694915771,0.6388309001922607,0.8999999761581421
1,2,44,0.25343906965393287,0.931034505367279,0.6935093998908997,0.9166666865348816
1,2,45,0.3159913168503688,0.8999999761581421,1.0017426013946533,0.8833333253860474
1,2,46,0.3307440298107954,0.882758617401123,0.8764377236366272,0.8500000238418579
1,2,47,0.43564406954325163,0.882758617401123,0.4824482500553131,0.949999988079071
1,2,48,0.3094138348331818,0.9137930870056152,0.7814605832099915,0.8999999761581421
1,2,49,0.32958826709252137,0.9137930870056152,0.45741549134254456,0.9166666865348816
1,2,50,0.36682953948799807,0.8896551728248596,0.630699872970581,0.9333333373069763
1,2,51,0.25880291685462,0.9034482836723328,0.6856183409690857,0.9333333373069763
1,2,52,0.36970410152123523,0.8999999761581421,0.5152517557144165,0.8666666746139526
1,2,53,0.2745253237394186,0.9068965315818787,0.5590702295303345,0.8999999761581421
1,2,54,0.2558744859236937,0.9103448390960693,0.6786020398139954,0.9166666865348816
1,2,55,0.3631587828411004,0.9103448390960693,0.4195738732814789,0.9333333373069763
1,2,56,0.44384706994661915,0.9137930870056152,0.6132776737213135,0.9333333373069763
1,2,57,0.3172684290374701,0.9172413945198059,0.6477228403091431,0.9166666865348816
1,2,58,0.26456219975191814,0.9241379499435425,0.4009757339954376,0.9166666865348816
1,2,59,0.2853281917050481,0.8965517282485962,0.4593394696712494,0.9333333373069763
1,2,60,0.35861851941221035,0.8999999761581421,0.49137911200523376,0.8999999761581421
1,2,61,0.32082475600047755,0.9241379499435425,0.5121566653251648,0.9333333373069763
1,2,62,0.2949239474076491,0.9172413945198059,0.543222188949585,0.8833333253860474
1,2,63,0.18501867239291825,0.9448275566101074,0.8285771608352661,0.9166666865348816
1,2,64,0.3101136767162153,0.9241379499435425,0.5833693742752075,0.9166666865348816
1,2,65,0.3834561287210538,0.9068965315818787,0.5225598216056824,0.9333333373069763
1,2,66,0.3138049559381146,0.9103448390960693,0.595325231552124,0.9166666865348816
1,2,67,0.3337604945095686,0.9172413945198059,0.49265483021736145,0.9166666865348816
1,2,68,0.48560182177103484,0.8793103694915771,0.47981640696525574,0.949999988079071
1,2,69,0.38524795337938345,0.8999999761581421,0.5032608509063721,0.9166666865348816
1,2,70,0.3458277749327513,0.8931034207344055,0.49484264850616455,0.8500000238418579
1,2,71,0.6483754624540989,0.8999999761581421,0.41029369831085205,0.949999988079071
1,2,72,0.3934168935341474,0.8758620619773865,0.44155532121658325,0.8833333253860474
1,2,73,0.37973880997070897,0.8965517282485962,0.45959922671318054,0.9166666865348816
1,2,74,0.4071066207610644,0.8931034207344055,0.5817137360572815,0.9166666865348816
1,2,75,0.32311429421847254,0.9137930870056152,0.48247256875038147,0.8999999761581421
1,2,76,0.2682593155365724,0.8931034207344055,0.563373863697052,0.8999999761581421
1,2,77,0.24464443154059923,0.9206896424293518,0.726593017578125,0.9166666865348816
1,2,78,0.21492645809708988,0.931034505367279,0.7757800817489624,0.8999999761581421
1,2,79,0.21294912004556793,0.931034505367279,0.7001885175704956,0.9166666865348816
1,2,80,0.16924618069942182,0.9413793087005615,0.514959454536438,0.8999999761581421
1,2,81,0.14226765443499273,0.9586206674575806,0.6394149661064148,0.9166666865348816
1,2,82,0.15854351329975402,0.951724112033844,0.49427372217178345,0.8999999761581421
1,2,83,0.20848699687765196,0.931034505367279,0.5898837447166443,0.9166666865348816
1,2,84,0.2988657449873594,0.951724112033844,0.47692030668258667,0.9166666865348816
1,3,1,1.4554317180926983,0.25517240166664124,1.3433464765548706,0.4166666567325592
1,3,2,1.3477166982797475,0.30000001192092896,1.079370379447937,0.5666666626930237
1,3,3,0.9902446613861964,0.5137931108474731,1.0846514701843262,0.5833333134651184
1,3,4,1.0684731235870948,0.5103448033332825,0.9529389142990112,0.6000000238418579
1,3,5,0.9091396285937383,0.5931034684181213,0.9014052152633667,0.8333333134651184
1,3,6,0.9159103081776545,0.6275861859321594,0.8460313677787781,0.75
1,3,7,0.8432927819398733,0.6758620738983154,0.7877565026283264,0.8333333134651184
1,3,8,0.7837148262904241,0.7241379022598267,0.8067913055419922,0.8666666746139526
1,3,9,0.760231423836488,0.6931034326553345,0.9913575053215027,0.8333333134651184
1,3,10,0.6133725115886102,0.7689655423164368,1.0913071632385254,0.7666666507720947
1,3,11,0.5908929992180604,0.7758620977401733,1.0615533590316772,0.7833333611488342
1,3,12,0.637488705607561,0.7620689868927002,0.8169265389442444,0.8833333253860474
1,3,13,0.5570124158492455,0.8068965673446655,0.9962542057037354,0.8666666746139526
1,3,14,0.608039996944941,0.7827585935592651,0.8414185643196106,0.8500000238418579
1,3,15,0.48137260540925825,0.8275862336158752,0.8659557104110718,0.8833333253860474
1,3,16,0.4355270524437611,0.8448275923728943,0.8312317728996277,0.8999999761581421
1,3,17,0.44785824991189516,0.8448275923728943,0.9788445234298706,0.8999999761581421
1,3,18,0.42484865394922405,0.8965517282485962,0.9930286407470703,0.8999999761581421
1,3,19,0.38445168332411694,0.8931034207344055,1.0055302381515503,0.8999999761581421
1,3,20,0.35556835108078444,0.8724138140678406,0.9843804240226746,0.8999999761581421
1,3,21,0.47772102888960105,0.8379310369491577,0.9430412650108337,0.8666666746139526
1,3,22,0.4008457649212617,0.9034482836723328,1.004783034324646,0.9166666865348816
1,3,23,0.3889253322894757,0.8689655065536499,0.8419561982154846,0.8999999761581421
1,3,24,0.4500053719832347,0.8482758402824402,0.8421777486801147,0.8666666746139526
1,3,25,0.3996135733860473,0.8689655065536499,0.9489432573318481,0.9166666865348816
1,3,26,0.4232209983926553,0.8551723957061768,0.8453744649887085,0.8999999761581421
1,3,27,0.46598924925694096,0.8758620619773865,0.6909246444702148,0.8999999761581421
1,3,28,0.38202868975125825,0.8896551728248596,0.8856866955757141,0.9166666865348816
1,3,29,0.30798242355768496,0.8965517282485962,1.3527075052261353,0.800000011920929
1,3,30,0.3974449892456715,0.8758620619773865,0.7719171643257141,0.9333333373069763
1,3,31,0.36305517548428795,0.8999999761581421,0.6851627230644226,0.9166666865348816
1,3,32,0.34416075493656817,0.8862069249153137,1.1440190076828003,0.9166666865348816
1,3,33,0.29616279212328106,0.8862069249153137,1.1260547637939453,0.8999999761581421
1,3,34,0.4079707648891669,0.882758617401123,1.0049774646759033,0.9166666865348816
1,3,35,0.3293320920604926,0.9137930870056152,0.8516590595245361,0.9166666865348816
1,3,36,0.33894635618735963,0.9068965315818787,0.9889377355575562,0.9166666865348816
1,3,37,0.3260417471711452,0.8793103694915771,0.7879073619842529,0.9166666865348816
1,3,38,0.2966025723860814,0.8965517282485962,0.8181270360946655,0.9333333373069763
1,3,39,0.2776645290163847,0.9206896424293518,0.8686358332633972,0.8999999761581421
1,3,40,0.33966753116020787,0.8862069249153137,0.7041400671005249,0.9333333373069763
1,3,41,0.3229696681866279,0.8999999761581421,0.8094267249107361,0.9333333373069763
1,3,42,0.2926092503520732,0.9137930870056152,0.983369767665863,0.9166666865348816
1,3,43,0.3088709545823244,0.9034482836723328,1.06048583984375,0.9333333373069763
1,3,44,0.27611997248963094,0.9137930870056152,0.9669578671455383,0.9333333373069763
1,3,45,0.39559312680592906,0.9068965315818787,0.9579604864120483,0.9166666865348816
1,3,46,0.3188399122311519,0.8999999761581421,1.1222572326660156,0.8999999761581421
1,3,47,0.3926637602540163,0.9034482836723328,1.0146386623382568,0.9166666865348816
1,3,48,0.29153773245903164,0.9068965315818787,0.7539982199668884,0.9333333373069763
1,3,49,0.2840523743070662,0.9103448390960693,0.7849171757698059,0.9333333373069763
1,3,50,0.3686369370955687,0.9103448390960693,0.7487024068832397,0.8999999761581421
1,3,51,0.38536122326667493,0.865517258644104,0.8796433806419373,0.9166666865348816
1,3,52,0.2926471554316007,0.8862069249153137,0.6597169041633606,0.9166666865348816
1,3,53,0.376274436712265,0.8965517282485962,0.646093487739563,0.9166666865348816
1,3,54,0.30800949982725656,0.8896551728248596,0.6154043078422546,0.8999999761581421
1,3,55,0.39896560902259526,0.8931034207344055,0.7146786451339722,0.8999999761581421
1,3,56,0.23235784557003242,0.9206896424293518,0.8600532412528992,0.9166666865348816
1,3,57,0.35351386250784766,0.9068965315818787,1.0030139684677124,0.8999999761581421
1,3,58,0.32318669844132203,0.8965517282485962,0.6362144351005554,0.9333333373069763
1,3,59,0.2527637722366937,0.8965517282485962,0.7509121298789978,0.8999999761581421
1,3,60,0.38640006402364147,0.8931034207344055,0.9658920168876648,0.8666666746139526
1,3,61,0.4182454777451662,0.8999999761581421,0.9393200278282166,0.8999999761581421
1,3,62,0.3306623648565549,0.8999999761581421,0.8004007339477539,0.8999999761581421
1,3,63,0.2967794448352204,0.8931034207344055,0.6936637759208679,0.9166666865348816
1,3,64,0.30198429639522845,0.8862069249153137,0.6951691508293152,0.9166666865348816
1,3,65,0.2815255161661368,0.9172413945198059,0.4524267017841339,0.9333333373069763
1,3,66,0.3054110025270627,0.8896551728248596,0.5274045467376709,0.8999999761581421
1,3,67,0.5174520101684791,0.8931034207344055,0.6214249730110168,0.9166666865348816
1,3,68,0.45706718547556263,0.8724138140678406,0.42254728078842163,0.8999999761581421
1,3,69,0.2301134099610723,0.9275861978530884,0.8035380244255066,0.9333333373069763
1,3,70,0.3083103471077405,0.9241379499435425,0.6600237488746643,0.9333333373069763
1,3,71,0.26188771369365543,0.9413793087005615,0.8595771193504333,0.8833333253860474
1,3,72,0.3846238693043303,0.865517258644104,0.5619304776191711,0.9166666865348816
1,3,73,0.2622816264629364,0.8999999761581421,0.5576153993606567,0.9166666865348816
1,3,74,0.2607875649745648,0.9103448390960693,0.6749204993247986,0.9166666865348816
1,3,75,0.3936359231861738,0.9206896424293518,0.9090853333473206,0.8833333253860474
1,3,76,0.3571484346802418,0.9137930870056152,0.8408976793289185,0.8833333253860474
1,3,77,0.26999873950934183,0.8931034207344055,0.7471631765365601,0.8833333253860474
1,3,78,0.24741759136892283,0.9275861978530884,0.9783756732940674,0.9166666865348816
1,3,79,0.2678835546741119,0.9275861978530884,0.8021250367164612,0.9333333373069763
1,3,80,0.3214014469144436,0.9103448390960693,0.5302512049674988,0.9333333373069763
1,3,81,0.29905601848776525,0.9172413945198059,0.6915135979652405,0.8500000238418579
1,3,82,0.40206738389455354,0.8517241477966309,0.4955814778804779,0.8833333253860474
1,3,83,0.27378619748812455,0.9137930870056152,0.7174728512763977,0.9166666865348816
1,3,84,0.32142747924304926,0.8999999761581421,0.8150169253349304,0.9166666865348816
1,3,85,0.26932990465026635,0.9206896424293518,0.6844431161880493,0.8999999761581421
1,3,86,0.2668245102144843,0.9275861978530884,0.34809425473213196,0.9333333373069763
1,3,87,0.3291920642099845,0.9068965315818787,0.24282985925674438,0.8999999761581421
1,3,88,0.5368532079916734,0.9034482836723328,0.4330739378929138,0.8500000238418579
1,3,89,0.3785413079536878,0.882758617401123,0.507388710975647,0.9166666865348816
1,3,90,0.38713431931458986,0.9034482836723328,0.3834361135959625,0.9166666865348816
1,3,91,0.4382826319107643,0.8931034207344055,0.6675710082054138,0.9166666865348816
1,3,92,0.22205542042278326,0.9172413945198059,0.5981095433235168,0.9333333373069763
1,3,93,0.28150987883026785,0.9068965315818787,0.5450180768966675,0.9333333373069763
1,3,94,0.2847383317465966,0.9241379499435425,0.16359639167785645,0.9333333373069763
1,3,95,0.34679508266540676,0.8999999761581421,0.36383819580078125,0.8999999761581421
1,3,96,0.29934424333847487,0.9034482836723328,0.24454855918884277,0.9166666865348816
1,3,97,0.34088837240750974,0.9172413945198059,0.18725112080574036,0.949999988079071
1,3,98,0.4130077493878511,0.9103448390960693,0.41979482769966125,0.9166666865348816
1,3,99,0.2713810440439444,0.9034482836723328,0.2175014764070511,0.9333333373069763
1,3,100,0.2613981861907702,0.9241379499435425,0.6238303780555725,0.9166666865348816
1,3,101,0.20238895237875673,0.9379310607910156,0.21845729649066925,0.9166666865348816
1,3,102,0.25610600182643306,0.9275861978530884,0.31195154786109924,0.9333333373069763
1,3,103,0.3343318414229613,0.9068965315818787,0.4769545793533325,0.8999999761581421
1,3,104,0.2228050828517343,0.9275861978530884,0.369920551776886,0.9166666865348816
1,3,105,0.2670445094028345,0.9172413945198059,0.37540218234062195,0.9166666865348816
1,3,106,0.22777524819740883,0.9241379499435425,0.6925161480903625,0.8666666746139526
1,3,107,0.24283224793795782,0.9137930870056152,0.20902293920516968,0.9333333373069763
1,3,108,0.2793121628749829,0.931034505367279,0.2280748188495636,0.9166666865348816
1,3,109,0.3430305246550303,0.951724112033844,0.5399833917617798,0.8999999761581421
1,3,110,0.5208434663139857,0.9068965315818787,0.4162243902683258,0.8999999761581421
1,3,111,0.5499675474487818,0.8586207032203674,0.5921546220779419,0.8500000238418579
1,3,112,0.3441750402204119,0.8896551728248596,0.612653911113739,0.9166666865348816
1,3,113,0.3783736393715327,0.8896551728248596,0.23443078994750977,0.949999988079071
1,3,114,0.20752344853602922,0.931034505367279,0.6058577299118042,0.9333333373069763
1,3,115,0.26986847517008966,0.9241379499435425,0.5106704235076904,0.9166666865348816
1,3,116,0.33236416006604064,0.8896551728248596,0.4309534430503845,0.8999999761581421
1,3,117,0.31195245410960454,0.9379310607910156,0.56254643201828,0.9166666865348816
1,3,118,0.46727693281494653,0.882758617401123,0.5004839301109314,0.9166666865348816
1,3,119,0.2149036257312848,0.9413793087005615,0.37486690282821655,0.8666666746139526
1,3,120,0.19202849326225427,0.9172413945198059,0.24806253612041473,0.8999999761581421
1,3,121,0.16884250620988986,0.934482753276825,0.30119553208351135,0.8999999761581421
1,3,122,0.1763652998667497,0.9586206674575806,0.3793598413467407,0.9166666865348816
1,3,123,0.13059037637252074,0.9551724195480347,0.285365492105484,0.9333333373069763
1,3,124,0.17554851392140755,0.9413793087005615,0.3981643319129944,0.8999999761581421
1,3,125,0.16433179292541283,0.9482758641242981,0.42737358808517456,0.9166666865348816
1,3,126,0.15668973326683044,0.951724112033844,0.2760571837425232,0.8999999761581421
1,3,127,0.17101570190145418,0.9482758641242981,0.4162124991416931,0.9166666865348816
1,3,128,0.17797769491489118,0.9620689749717712,0.3845573365688324,0.9166666865348816
1,3,129,0.15951996884093836,0.951724112033844,0.5764651894569397,0.9166666865348816
1,3,130,0.14232815123306444,0.9482758641242981,0.4900813698768616,0.9166666865348816
1,3,131,0.14467767593809044,0.951724112033844,0.5163750052452087,0.9166666865348816
1,3,132,0.1588736067776783,0.9413793087005615,0.39120253920555115,0.9166666865348816
1,3,133,0.1458798500780876,0.951724112033844,0.5394195318222046,0.9333333373069763
1,3,134,0.1661188371766072,0.951724112033844,0.5406404733657837,0.9333333373069763
1,3,135,0.18265726214024022,0.9551724195480347,0.3908248841762543,0.9333333373069763
1,3,136,0.2004953619952385,0.9448275566101074,0.38689491152763367,0.9166666865348816
1,3,137,0.20604643440590456,0.9379310607910156,0.46553564071655273,0.9333333373069763
1,3,138,0.13700285489456013,0.9551724195480347,0.47809410095214844,0.9166666865348816
1,3,139,0.12366786511399998,0.9793103337287903,0.48079797625541687,0.9333333373069763
1,3,140,0.1157685648649931,0.9655172228813171,0.46042919158935547,0.9166666865348816
1,3,141,0.24460389808966562,0.9448275566101074,0.6803681254386902,0.8999999761581421
1,3,142,0.17201795690478042,0.9482758641242981,0.5035058259963989,0.9166666865348816
1,3,143,0.1454487186498367,0.9379310607910156,0.5276130437850952,0.9166666865348816
1,3,144,0.15745570547621285,0.9586206674575806,0.5056711435317993,0.9166666865348816
1,3,145,0.16392001364951844,0.9448275566101074,0.6695635318756104,0.9166666865348816
1,4,1,1.4149272441864014,0.22758620977401733,1.3351819515228271,0.3499999940395355
1,4,2,1.2520561951857347,0.38620689511299133,1.3130862712860107,0.44999998807907104
1,4,3,1.2614219463788545,0.4793103337287903,1.0092805624008179,0.75
1,4,4,0.9406866522935721,0.5965517163276672,0.8005503416061401,0.6833333373069763
1,4,5,0.7703861723152491,0.634482741355896,0.8072819113731384,0.7333333492279053
1,4,6,0.6704190344764636,0.7206896543502808,0.8748505115509033,0.7333333492279053
1,4,7,0.8648635469950162,0.6862068772315979,0.8623791933059692,0.9333333373069763
1,4,8,0.7312713196644416,0.751724123954773,1.2069281339645386,0.6833333373069763
1,4,9,0.602711980159466,0.8137931227684021,1.1125797033309937,0.75
1,4,10,0.7961664543702052,0.7172414064407349,0.8304110169410706,0.8333333134651184
1,4,11,0.5753407899576884,0.7793103456497192,0.9148269891738892,0.8833333253860474
1,4,12,0.6242809742689133,0.7793103456497192,0.844115138053894,0.8333333134651184
1,4,13,0.6149365030802213,0.8034482598304749,0.61693274974823,0.8333333134651184
1,4,14,0.6487870606092306,0.7758620977401733,0.730932354927063,0.8333333134651184
1,4,15,0.6669618487358093,0.7724137902259827,0.5677359104156494,0.8999999761581421
1,4,16,0.6493664085865021,0.800000011920929,0.6857337951660156,0.7833333611488342
1,4,17,0.502878372485821,0.8103448152542114,0.7236701250076294,0.9166666865348816
1,4,18,0.6460221042999854,0.800000011920929,0.5815064907073975,0.8500000238418579
1,4,19,0.4449713768867346,0.8379310369491577,0.6729359030723572,0.8666666746139526
1,4,20,0.46979609246437365,0.8275862336158752,0.5972161889076233,0.8999999761581421
1,4,21,0.43784976406739307,0.8689655065536499,0.5469966530799866,0.8999999761581421
1,4,22,0.38053199075735533,0.865517258644104,0.6638078093528748,0.8999999761581421
1,4,23,0.38617662397714764,0.8758620619773865,0.6007155179977417,0.9166666865348816
1,4,24,0.34911378759604234,0.8965517282485962,0.7070550322532654,0.8999999761581421
1,4,25,0.39461749906723315,0.8896551728248596,0.6526967287063599,0.9166666865348816
1,4,26,0.3515148122723286,0.8862069249153137,0.8453521728515625,0.8833333253860474
1,4,27,0.34758848353074145,0.8965517282485962,0.4816937744617462,0.9166666865348816
1,4,28,0.41592598591859525,0.8689655065536499,0.43849143385887146,0.9333333373069763
1,4,29,0.4322750179383617,0.8689655065536499,0.5400429964065552,0.9166666865348816
1,4,30,0.47243349139507,0.8586207032203674,0.5651311278343201,0.9166666865348816
1,4,31,0.3446946992323949,0.8793103694915771,0.7183008193969727,0.8666666746139526
1,4,32,0.41821849460785204,0.8482758402824402,0.5448688268661499,0.9166666865348816
1,4,33,0.4750077071098181,0.8413792848587036,0.602048933506012,0.9166666865348816
1,4,34,0.38973586375896746,0.8862069249153137,0.7421233057975769,0.9166666865348816
1,4,35,0.4012721868661734,0.8862069249153137,0.6686496138572693,0.9333333373069763
1,4,36,0.407500090504912,0.8482758402824402,0.7003983855247498,0.8666666746139526
1,4,37,0.3894214492577773,0.8793103694915771,0.7393302321434021,0.8999999761581421
1,4,38,0.36135969826808345,0.8862069249153137,0.5665410757064819,0.8833333253860474
1,4,39,0.4005754802089471,0.8620689511299133,0.6740469336509705,0.8999999761581421
1,4,40,0.5583897513838915,0.8689655065536499,0.6775286793708801,0.9166666865348816
1,4,41,0.3458839001563879,0.8517241477966309,0.5907509922981262,0.9166666865348816
1,4,42,0.4078330598198451,0.8896551728248596,0.840370237827301,0.8666666746139526
1,4,43,0.31957765038196856,0.8896551728248596,0.5984529256820679,0.9166666865348816
1,4,44,0.30017321155621457,0.9034482836723328,0.5347957015037537,0.9166666865348816
1,4,45,0.3639675837296706,0.8965517282485962,0.5960955023765564,0.8833333253860474
1,4,46,0.42041011727773225,0.8862069249153137,0.4783790707588196,0.9333333373069763
1,4,47,0.31473305778434646,0.8931034207344055,0.5243566036224365,0.9333333373069763
1,4,48,0.261368528008461,0.8999999761581421,0.5637834668159485,0.9333333373069763
1,4,49,0.4003750045712178,0.8999999761581421,0.5391221642494202,0.9166666865348816
1,4,50,0.2694650534540415,0.8896551728248596,0.5563588738441467,0.8999999761581421
1,4,51,0.36411796166346516,0.8620689511299133,0.8868934512138367,0.8833333253860474
1,4,52,0.24424475531738538,0.9137930870056152,0.8607036471366882,0.8999999761581421
1,4,53,0.2681498315471869,0.9206896424293518,0.6628915071487427,0.9333333373069763
1,4,54,0.5106073629397613,0.8724138140678406,0.4593375027179718,0.8666666746139526
1,4,55,0.38826022698329044,0.8620689511299133,0.7921560406684875,0.8833333253860474
1,4,56,0.3956424525150886,0.882758617401123,0.6867422461509705,0.8999999761581421
1,4,57,0.34251033572050243,0.8862069249153137,0.7112627029418945,0.8833333253860474
1,4,58,0.32296275125386625,0.9137930870056152,0.49698352813720703,0.8833333253860474
1,4,59,0.2841606645021014,0.8965517282485962,0.7477942705154419,0.9166666865348816
1,4,60,0.3642688204462712,0.8931034207344055,0.9053613543510437,0.9333333373069763
1,4,61,0.3866091099782632,0.8896551728248596,0.8258845806121826,0.9333333373069763
1,4,62,0.30724400396530444,0.8965517282485962,0.5798789262771606,0.8999999761581421
1,4,63,0.2127804637241822,0.9172413945198059,1.003123164176941,0.8833333253860474
1,4,64,0.3849384209427696,0.8896551728248596,0.7426040768623352,0.949999988079071
1,4,65,0.28063562605530024,0.9206896424293518,0.7556736469268799,0.8833333253860474
1,4,66,0.2633675719396426,0.9206896424293518,0.6611793637275696,0.8999999761581421
1,4,67,0.29617336712992537,0.8931034207344055,0.8758028745651245,0.8999999761581421
1,4,68,0.2807246011037093,0.9206896424293518,0.5718437433242798,0.9333333373069763
1,4,69,0.4060661666668378,0.8724138140678406,0.9727972149848938,0.9166666865348816
1,4,70,0.41554400897943056,0.8965517282485962,0.6497593522071838,0.9166666865348816
1,4,71,0.3115350945064655,0.9068965315818787,0.46059396862983704,0.9333333373069763
1,4,72,0.4725381393845265,0.8931034207344055,0.5062102675437927,0.9166666865348816
1,4,73,0.4457539984813103,0.9172413945198059,0.5992354154586792,0.9333333373069763
1,4,74,0.28529891486351305,0.9137930870056152,0.7118985652923584,0.9333333373069763
1,4,75,0.3000041077343317,0.9172413945198059,0.6927298307418823,0.949999988079071
1,4,76,0.3458220735192299,0.8931034207344055,0.6616714000701904,0.8666666746139526
1,4,77,0.3764200800886521,0.882758617401123,0.553202748298645,0.8999999761581421
1,4,78,0.3541319676889823,0.8999999761581421,0.963160514831543,0.949999988079071
1,4,79,0.23136037315886754,0.9137930870056152,0.9583880305290222,0.9333333373069763
1,5,1,1.4297517996567946,0.3103448152542114,1.2546981573104858,0.4833333194255829
1,5,2,1.10497162433771,0.4206896424293518,0.8420683741569519,0.800000011920929
1,5,3,0.9623353893940265,0.6103448271751404,0.8218267560005188,0.8333333134651184
1,5,4,0.9153373333124014,0.5965517163276672,0.9465768933296204,0.6333333253860474
1,5,5,0.837204614510903,0.6931034326553345,0.7648574709892273,0.8333333134651184
1,5,6,0.811310887336731,0.6689655184745789,0.8636186718940735,0.7333333492279053
1,5,7,0.7804027199745178,0.6931034326553345,0.8796576857566833,0.7666666507720947
1,5,8,0.7615254911092612,0.7448275685310364,0.8497330546379089,0.800000011920929
1,5,9,0.7423079082599053,0.6931034326553345,0.7317906022071838,0.8666666746139526
1,5,10,0.7450104011939123,0.682758629322052,1.3840998411178589,0.6333333253860474
1,5,11,0.6728714314790872,0.7068965435028076,0.9759696125984192,0.8500000238418579
1,5,12,0.8233116475435404,0.7551724314689636,1.1157094240188599,0.6333333253860474
1,5,13,0.8449994715360495,0.7793103456497192,0.728152871131897,0.8500000238418579
1,5,14,0.6858109899196558,0.800000011920929,0.7359318137168884,0.8999999761581421
1,5,15,0.5236754279870254,0.7827585935592651,0.8726733326911926,0.8333333134651184
1,5,16,0.5560273700035535,0.8241379261016846,0.7902460098266602,0.8833333253860474
1,5,17,0.6863828507753519,0.7689655423164368,0.6718543171882629,0.8166666626930237
1,5,18,0.629233181476593,0.8137931227684021,0.7504205107688904,0.8666666746139526
1,5,19,0.5088588113968189,0.8103448152542114,0.8240565657615662,0.8666666746139526
1,5,20,0.5434225912277515,0.7827585935592651,0.7429390549659729,0.800000011920929
1,5,21,0.5099477550158134,0.8034482598304749,0.5979064106941223,0.8833333253860474
1,5,22,0.5111348537298349,0.8310344815254211,0.7008517384529114,0.8166666626930237
1,5,23,0.5234527060618768,0.8137931227684021,0.46474283933639526,0.8500000238418579
1,5,24,0.6289980767223124,0.8241379261016846,0.5010002851486206,0.8166666626930237
1,5,25,0.4590104531783324,0.8482758402824402,0.4163260757923126,0.8999999761581421
1,5,26,0.6702718562804736,0.8724138140678406,0.7400227189064026,0.9166666865348816
1,5,27,0.507282514984791,0.8206896781921387,0.41735967993736267,0.8666666746139526
1,5,28,0.45731494289178115,0.8413792848587036,0.42035582661628723,0.9166666865348816
1,5,29,0.3880920994740266,0.8620689511299133,0.5138863325119019,0.8666666746139526
1,5,30,0.4869719331081097,0.8379310369491577,0.33152928948402405,0.8500000238418579
1,5,31,0.45833598650418794,0.8862069249153137,0.4187498092651367,0.8999999761581421
1,5,32,0.32805028615089565,0.8896551728248596,0.4753628075122833,0.8999999761581421
1,5,33,0.3341246215769878,0.8896551728248596,0.4229274392127991,0.9333333373069763
1,5,34,0.315840012465532,0.8689655065536499,0.396665096282959,0.949999988079071
1,5,35,0.2662749459537176,0.8999999761581421,0.5557111501693726,0.9166666865348816
1,5,36,0.29737535692178285,0.9103448390960693,0.4096185266971588,0.9333333373069763
1,5,37,0.7212453324061173,0.8620689511299133,0.5450569987297058,0.9333333373069763
1,5,38,0.4264920298010111,0.8517241477966309,0.3593592643737793,0.8166666626930237
1,5,39,0.2981258529202583,0.8758620619773865,0.5785019993782043,0.9166666865348816
1,5,40,0.3175740631727072,0.9068965315818787,0.29961392283439636,0.8999999761581421
1,5,41,0.3146003008936392,0.8999999761581421,0.48683813214302063,0.9166666865348816
1,5,42,0.3550865813516654,0.9103448390960693,0.31388285756111145,0.9333333373069763
1,5,43,0.25772753902352774,0.9137930870056152,0.3845537304878235,0.9333333373069763
1,5,44,0.3314599240055451,0.8793103694915771,0.6977205276489258,0.8999999761581421
1,5,45,0.3755537962827545,0.8965517282485962,0.45707282423973083,0.9166666865348816
1,5,46,0.38230284564913464,0.8758620619773865,0.7637710571289062,0.8999999761581421
1,5,47,0.3641467343729276,0.8896551728248596,0.7833032011985779,0.8999999761581421
1,5,48,0.38898860290646553,0.8862069249153137,0.985468327999115,0.9166666865348816
1,5,49,0.3673159030194466,0.8896551728248596,0.6116406917572021,0.8833333253860474
1,5,50,0.42764836435134596,0.8999999761581421,0.5923553109169006,0.9333333373069763
1,5,51,0.33294613229540676,0.9103448390960693,0.44116631150245667,0.8999999761581421
1,5,52,0.27151637925548866,0.8862069249153137,0.6321035623550415,0.9333333373069763
1,5,53,0.4154071624462421,0.8896551728248596,0.5581380724906921,0.9166666865348816
1,5,54,0.30526963105568516,0.8965517282485962,0.656156599521637,0.8833333253860474
1,5,55,0.36876113139666045,0.9103448390960693,0.7483131289482117,0.8833333253860474
1,5,56,0.3425822470050592,0.8999999761581421,0.6177261471748352,0.9166666865348816
1,5,57,0.39266722699484,0.8931034207344055,0.5677787661552429,0.9333333373069763
1,5,58,0.3089591685969096,0.9068965315818787,0.5802120566368103,0.8999999761581421
1,5,59,0.28861324145243716,0.8896551728248596,0.521579384803772,0.8999999761581421
1,5,60,0.2798726335167885,0.9034482836723328,0.5345886945724487,0.8833333253860474
1,5,61,0.3964646933063005,0.9068965315818787,0.40402066707611084,0.8833333253860474
1,5,62,0.3360718907071994,0.9068965315818787,0.7708256244659424,0.8999999761581421
1,5,63,0.32097959919617725,0.882758617401123,0.508248507976532,0.9166666865348816
1,5,64,0.2900842313583081,0.9275861978530884,0.467878520488739,0.9166666865348816
1,5,65,0.2512741530170807,0.9241379499435425,0.44460657238960266,0.9166666865348816
1,5,66,0.35069071788054246,0.865517258644104,0.5261583924293518,0.9333333373069763
1,5,67,0.2504600891843438,0.9172413945198059,0.2565091550350189,0.8833333253860474
1,5,68,0.22818118391128686,0.931034505367279,0.553158164024353,0.9333333373069763
1,5,69,0.23340068442317155,0.9413793087005615,0.38330233097076416,0.949999988079071
1,5,70,0.21594515471504286,0.9379310607910156,0.27289527654647827,0.9333333373069763
1,5,71,0.21084465501973262,0.9241379499435425,0.33397677540779114,0.949999988079071
1,5,72,0.1761935447844175,0.934482753276825,0.37669217586517334,0.9666666388511658
1,5,73,0.2487738225609064,0.931034505367279,0.36709943413734436,0.9333333373069763
1,5,74,0.18816728460100982,0.9551724195480347,0.27285903692245483,0.9333333373069763
1,5,75,0.25681942615371484,0.9172413945198059,0.3090241849422455,0.9333333373069763
1,5,76,0.3516139058539501,0.8965517282485962,1.0246049165725708,0.8666666746139526
1,5,77,0.4432237801643518,0.8896551728248596,0.6915417313575745,0.8833333253860474
1,5,78,0.4105929610534356,0.8793103694915771,0.2033456414937973,0.9333333373069763
1,5,79,0.3112545844274931,0.9103448390960693,0.5992339253425598,0.8833333253860474
1,5,80,0.2897063192839806,0.9137930870056152,0.19689705967903137,0.949999988079071
1,5,81,0.2820195552821343,0.9206896424293518,0.7056523561477661,0.9166666865348816
1,5,82,0.3223491907119751,0.9103448390960693,0.5501620173454285,0.9166666865348816
1,5,83,0.30612349796753663,0.8965517282485962,0.40983086824417114,0.9166666865348816
1,5,84,0.3427712292625354,0.8896551728248596,0.9494491219520569,0.9333333373069763
1,5,85,0.34675626951054883,0.8793103694915771,0.7469196319580078,0.9166666865348816
1,5,86,0.3478100701020314,0.8965517282485962,0.20589587092399597,0.9333333373069763
1,5,87,0.27718707639724016,0.9241379499435425,0.7406022548675537,0.9166666865348816
1,5,88,0.2983556477209696,0.9034482836723328,0.2986111044883728,0.8999999761581421
1,5,89,0.28685385299748023,0.9275861978530884,0.4330681562423706,0.8999999761581421
1,5,90,0.4408605807693675,0.8896551728248596,0.43613317608833313,0.8666666746139526
1,5,91,0.32333920150995255,0.8999999761581421,0.6803749203681946,0.8999999761581421
1,5,92,0.27442961229154694,0.9068965315818787,0.2991670072078705,0.9166666865348816
1,5,93,0.2917397784499022,0.8965517282485962,0.36628103256225586,0.9166666865348816
1,5,94,0.2619641080068854,0.9034482836723328,0.28658533096313477,0.9333333373069763
1,5,95,0.36086313402092157,0.9034482836723328,0.23348383605480194,0.949999988079071
1,5,96,0.2208276423267447,0.934482753276825,0.2651098072528839,0.9333333373069763
1,5,97,0.20421752017528677,0.9448275566101074,0.3295851945877075,0.9333333373069763
1,5,98,0.1761286917787332,0.9275861978530884,0.5476147532463074,0.9333333373069763
1,5,99,0.177245410803992,0.931034505367279,0.3870605528354645,0.9333333373069763
1,5,100,0.21220788545906544,0.9275861978530884,0.49776169657707214,0.9333333373069763
1,5,101,0.23801804591829961,0.9172413945198059,0.4539160430431366,0.9333333373069763
1,5,102,0.2820686133435139,0.931034505367279,0.5741216540336609,0.9166666865348816
1,5,103,0.3093583406164096,0.931034505367279,0.1591298133134842,0.949999988079071
1,5,104,0.23346433330039837,0.9137930870056152,0.43944045901298523,0.9166666865348816
1,5,105,0.24308329383627728,0.9241379499435425,0.5754619836807251,0.9333333373069763
1,5,106,0.27729942162449545,0.934482753276825,0.4246906340122223,0.9166666865348816
1,5,107,0.21273710406743535,0.9551724195480347,0.5427799820899963,0.9333333373069763
1,5,108,0.2217430784725226,0.934482753276825,0.6599898934364319,0.9166666865348816
1,5,109,0.19518602763016063,0.951724112033844,0.4881882965564728,0.9166666865348816
1,5,110,0.24725829637967622,0.9068965315818787,0.36129024624824524,0.9333333373069763
1,5,111,0.21693251797786126,0.934482753276825,0.43338724970817566,0.9333333373069763
1,5,112,0.20247557701972815,0.931034505367279,0.5803267359733582,0.9333333373069763
1,5,113,0.2636759321276958,0.9241379499435425,0.48164838552474976,0.9333333373069763
1,5,114,0.6651732265376128,0.9241379499435425,0.43452659249305725,0.9333333373069763
1,5,115,0.3773941434919834,0.9034482836723328,0.39588239789009094,0.9333333373069763
1,5,116,0.4031998560978816,0.9172413945198059,0.9119975566864014,0.9333333373069763
1,5,117,0.3513915825348634,0.8931034207344055,0.7597895860671997,0.9333333373069763
1,5,118,0.3935517852839369,0.8999999761581421,0.48097437620162964,0.9166666865348816
1,5,119,0.36096638211837184,0.9034482836723328,0.6163219213485718,0.9166666865348816
1,5,120,0.25304878932925373,0.931034505367279,0.7808336615562439,0.8666666746139526
1,5,121,0.23830506621071926,0.9137930870056152,1.5251820087432861,0.8166666626930237
1,5,122,0.22952653353030866,0.931034505367279,0.4251612424850464,0.949999988079071
1,5,123,0.17343118643531433,0.9413793087005615,0.6665127277374268,0.8999999761581421
1,5,124,0.23039437601199517,0.9482758641242981,0.623918354511261,0.9333333373069763
1,5,125,0.2229480815048401,0.9482758641242981,0.5352677702903748,0.9333333373069763
1,5,126,0.28160949796438217,0.9413793087005615,0.7148047089576721,0.8999999761581421
1,5,127,0.3648688939291648,0.882758617401123,0.5182090997695923,0.949999988079071
1,5,128,0.2936205934160031,0.9034482836723328,0.283817857503891,0.8999999761581421
1,5,129,0.3391740597211398,0.8965517282485962,0.3400956392288208,0.8999999761581421
1,5,130,0.24703383846924856,0.9172413945198059,0.284749835729599,0.9333333373069763
1,5,131,0.2362174609532723,0.931034505367279,0.14198589324951172,0.949999988079071
1,5,132,0.20280621859889764,0.9379310607910156,0.2123810350894928,0.949999988079071
1,5,133,0.17770654400094196,0.9379310607910156,0.15969803929328918,0.9666666388511658
1,5,134,0.1402738822194246,0.9724137783050537,0.2725770175457001,0.949999988079071
1,5,135,0.15905438608919772,0.9482758641242981,0.3088683784008026,0.949999988079071
1,5,136,0.19209872737813455,0.9275861978530884,0.16589993238449097,0.949999988079071
1,5,137,0.1577893656033736,0.9379310607910156,0.24315260350704193,0.9333333373069763
1,5,138,0.15927290844802672,0.951724112033844,0.1536293923854828,0.949999988079071
1,5,139,0.2563852664942925,0.9206896424293518,0.17625325918197632,0.9333333373069763
1,5,140,0.36125742529447263,0.9034482836723328,0.6983698606491089,0.8833333253860474
1,5,141,0.35019123869446606,0.865517258644104,0.39632707834243774,0.9166666865348816
1,5,142,0.43420386715577197,0.8999999761581421,0.5409073233604431,0.9333333373069763
1,5,143,0.35885160989486253,0.9275861978530884,0.8521365523338318,0.9333333373069763
1,5,144,1.6291362221997518,0.9275861978530884,1.08848237991333,0.9166666865348816
1,5,145,0.584590331866191,0.8448275923728943,0.9768379330635071,0.8333333134651184
1,5,146,0.50041697288935,0.865517258644104,0.7260332107543945,0.8500000238418579
1,5,147,0.4419711639101689,0.8620689511299133,0.5792451500892639,0.8999999761581421
1,5,148,0.18801250795905405,0.934482753276825,0.5698438286781311,0.9333333373069763
1,5,149,0.2941000879957126,0.934482753276825,0.45496851205825806,0.9333333373069763
1,5,150,0.323111451875705,0.931034505367279,0.5286349654197693,0.8999999761581421
1,5,151,0.22621671626201043,0.9206896424293518,0.6072583794593811,0.800000011920929
1,5,152,0.20760855383168048,0.934482753276825,0.34162482619285583,0.9333333373069763
1,5,153,0.18648426206066057,0.934482753276825,0.4803996980190277,0.9333333373069763
1,5,154,0.21354424258550772,0.9448275566101074,0.3414544463157654,0.9333333373069763
1,5,155,0.17125029650588447,0.951724112033844,0.45084747672080994,0.9333333373069763
1,5,156,0.31066258079730547,0.931034505367279,0.5118443965911865,0.949999988079071
1,5,157,0.27182157738850665,0.9103448390960693,0.8079829812049866,0.8999999761581421
1,5,158,0.3693469496299625,0.8999999761581421,0.4354144334793091,0.9333333373069763
1,5,159,0.3151648766719378,0.9103448390960693,0.23357316851615906,0.949999988079071
1,5,160,0.33973606618449664,0.9206896424293518,0.29180821776390076,0.9333333373069763
1,5,161,0.3375148542691022,0.9172413945198059,0.32862579822540283,0.9333333373069763
1,5,162,0.27814142785679835,0.9103448390960693,0.415816992521286,0.9333333373069763
1,5,163,0.2940680453410515,0.9137930870056152,0.2518545389175415,0.9333333373069763
1,5,164,0.34871513003375953,0.8896551728248596,0.7697917819023132,0.9166666865348816
1,5,165,0.3330843044588199,0.931034505367279,0.8942813277244568,0.9333333373069763
1,5,166,0.37737281448565996,0.9068965315818787,0.7476114630699158,0.8999999761581421
1,5,167,0.30751346251390016,0.9275861978530884,0.48646315932273865,0.9166666865348816
1,5,168,0.26784129390636313,0.9206896424293518,0.49597084522247314,0.8999999761581421
1,5,169,0.3829547621381397,0.8931034207344055,0.7364219427108765,0.9166666865348816
1,5,170,0.33019831948555434,0.931034505367279,0.735746443271637,0.9333333373069763
1,5,171,0.24702170856583577,0.9241379499435425,1.1595433950424194,0.9166666865348816
1,5,172,0.4036519622000364,0.931034505367279,0.41038569808006287,0.9166666865348816
1,5,173,0.3478846200383626,0.9137930870056152,0.31706616282463074,0.9333333373069763
1,5,174,0.4913640305973016,0.9137930870056152,0.9806210994720459,0.8999999761581421
1,5,175,0.5141820821624535,0.931034505367279,0.7010272145271301,0.8999999761581421
1,5,176,0.4806263925364384,0.8724138140678406,0.38756266236305237,0.8833333253860474
1,5,177,0.27621624446832216,0.882758617401123,0.20245780050754547,0.9166666865348816
1,5,178,0.2391952922422346,0.934482753276825,0.8493878245353699,0.9333333373069763
1,5,179,0.21024867691672766,0.9413793087005615,0.9066731333732605,0.9166666865348816
1,5,180,0.3118888082412573,0.9448275566101074,0.977047324180603,0.8999999761581421
1,5,181,0.27357930711542183,0.931034505367279,0.7500110268592834,0.9333333373069763
1,5,182,0.38882406858297497,0.9206896424293518,0.8266699910163879,0.8999999761581421
